address,type,size,x-text
0x4070b8,string,27,"Unrecognized error value.\0"
0x4070d4,string,71,"Rectangle provided was not horizontally aligned on required boundary.\0"
0x40711c,string,78,"This surface can not be restored because it was created in a different mode.\0"
0x40716c,string,114,"Informs DirectDraw that the previous Blt which is transfering information to or from this Surface is incomplete.\0"
0x4071e0,string,32,"Vertical blank is in progress.\0"
0x407200,string,69,"Bitmask in the pixel format requested is unsupported by DirectDraw.\0"
0x407248,string,55,"FOURCC format requested is unsupported by DirectDraw.\0"
0x407280,string,23,"Action not supported.\0"
0x407298,string,45,"Width requested by DirectDraw is too large.\0"
0x4072c8,string,88,"Size requested by DirectDraw is too large, but the individual height and width are OK.\0"
0x407320,string,46,"Height requested by DirectDraw is too large.\0"
0x407350,string,40,"The requested surface is not attached.\0"
0x407378,string,166,"Access to this surface is being refused because the surface memory is gone. The DirectDrawSurface object representing this surface should have Restore called on it.\0"
0x407420,string,60,"Access to surface refused because the surface is obscured.\0"
0x40745c,string,98,"Access to this surface is being refused because the surface is already locked by another thread.\0"
0x4074c0,string,87,"This surface is already a dependency of the surface it is being made a dependency of.\0"
0x407518,string,74,"This surface is already attached to the surface it is being attached to.\0"
0x407564,string,53,"Region passed to Clipper::GetClipList is too small.\0"
0x40759c,string,53,"This process already has created a primary surface.\0"
0x4075d4,string,98,"Access to this palette is being refused because the palette is already locked by another thread.\0"
0x407638,string,65,"Returned when GetOverlayPosition is called on a hidden overlay.\0"
0x40767c,string,62,"Can only have ony color key active at one time for overlays.\0"
0x4076bc,string,49,"The hardware does not support clipped overlays.\0"
0x4076f0,string,66,"DirectDraw does not have enough memory to perform the operation.\0"
0x407734,string,77,"The hardware needed for the requested operation has already been allocated.\0"
0x407784,string,127,"Overlay surfaces could not be z layered based on their BltOrder because the hardware does not support z layering of overlays.\0"
0x407804,string,95,"Operation could not be carried out because there is no hardware support for zbuffer blitting.\0"
0x407864,string,117,"Operation could not be carried out because there is no hardware support for vertical blank synchronized operations.\0"
0x4078dc,string,56,"The surface being used is not a palette-based surface.\0"
0x407914,string,125,"Surface was not locked.  An attempt to unlock a surface that was not locked at all, or by this process, has been attempted.\0"
0x407994,string,31,"Requested item was not found.\0"
0x4079b4,string,67,"An attempt has been made to flip a surface that is not flippable.\0"
0x4079f8,string,103,"Operation could not be carried out because there is no texture mapping hardware present or available.\0"
0x407a60,string,70,"Returned when an overlay member is called for a non-overlay surface.\0"
0x407aa8,string,96,"DirectDrawSurface is not in 8 bit color mode and the requested operation requires 8 bit color.\0"
0x407b08,string,119,"DirectDrawSurface is not in 4 bit color index palette and the requested operation requires 4 bit color index palette.\0"
0x407b80,string,107,"DirectDrawSurface is not in 4 bit color palette and the requested operation requires 4 bit color palette.\0"
0x407bec,string,89,"Operation could not be carried out because there is no hardware support for stretching.\0"
0x407c48,string,96,"Operation could not be carried out because there is no rotation hardware present or available.\0"
0x407ca8,string,109,"Operation could not be carried out because there is no appropriate raster op hardware present or available.\0"
0x407d18,string,51,"No hardware support for 16 or 256 color palettes.\0"
0x407d4c,string,45,"No palette object attached to this surface.\0"
0x407d7c,string,95,"Operation could not be carried out because there is no overlay hardware present or available.\0"
0x407ddc,string,130,"Returned when GetOverlayPosition is called on an overlay that UpdateOverlay has never been called on to establish a destination.\0"
0x407e60,string,87,"Operation could not be carried out because there is no hardware present or available.\0"
0x407eb8,string,104,"Clipper notification requires an HWND or no HWND has previously been set as the CooperativeLevel HWND.\0"
0x407f20,string,26,"There is no GDI present.\0"
0x407f3c,string,45,"Flipping visible surfaces is not supported.\0"
0x407f6c,string,109,"Operation requires the application to have exclusive mode but the application does not have exclusive mode.\0"
0x407fdc,string,35,"Software emulation not available.\0"
0x408000,string,103,"A hardware-only DirectDraw object creation was attempted but the driver did not support any hardware.\0"
0x408068,string,29,"No DirectDraw ROP hardware.\0"
0x408088,string,42,"No DC was ever created for this surface.\0"
0x4080b4,string,91,"Create function called without DirectDraw object method SetCooperativeLevel being called.\0"
0x408110,string,103,"Operation could not be carried out because there is no hardware support of the destination color key.\0"
0x408178,string,44,"Surface doesn't currently have a color key\0"
0x4081a4,string,104,"Operation could not be carried out because there is no color conversion hardware present or available.\0"
0x40820c,string,47,"No clipper object attached to surface object.\0"
0x40823c,string,24,"No cliplist available.\0"
0x408254,string,30,"No blitter hardware present.\0"
0x408274,string,105,"Operation could not be carried out because there is no alpha accleration hardware present or available.\0"
0x4082e0,string,25,"There is no 3D present.\0"
0x4082fc,string,77,"Operation could not be carried out because one or more surfaces are locked.\0"
0x40834c,string,33,"Rectangle provided was invalid.\0"
0x408370,string,103,"Returned when the position of the overlay on the destination is no longer legal for that destination.\0"
0x4083d8,string,44,"The pixel format was invalid as specified.\0"
0x408404,string,69,"One or more of the parameters passed to the function are incorrect.\0"
0x40844c,string,70,"DirectDraw received a pointer that was an invalid DIRECTDRAW object.\0"
0x408494,string,49,"DirectDraw does not support the requested mode.\0"
0x4084c8,string,82,"The GUID passed to DirectDrawCreate is not a valid DirectDraw driver identifier.\0"
0x40851c,string,52,"DirectDraw does not support the provided cliplist.\0"
0x408550,string,68,"One or more of the caps bits passed to the callback are incorrect.\0"
0x408594,string,81,"Unable to match primary surface creation request with existing primary surface.\0"
0x4085e8,string,79,"This surface can not be restored because it is an implicitly created surface.\0"
0x408638,string,110,"HWND used by DirectDraw CooperativeLevel has been subclassed, this prevents DirectDraw from restoring state.\0"
0x4086a8,string,121,"The CooperativeLevel HWND has already been set. It can not be reset while the process has surfaces or palettes created.\0"
0x408724,string,67,"Height of rectangle provided is not a multiple of reqd alignment.\0"
0x408768,string,18,"Generic failure.\0"
0x40877c,string,88,"An attempt was made to set the cooperative level when it was already set to exclusive.\0"
0x4087d4,string,72,"An exception was encountered while performing the requested operation.\0"
0x40881c,string,89,"A DirectDraw object representing this driver has already been created for this process.\0"
0x408878,string,37,"Support is currently not available.\0"
0x4088a0,string,48,"No src color key specified for this operation.\0"
0x4088d0,string,96,"An attempt was made to set a cliplist for a clipper object that is already monitoring an hwnd.\0"
0x408930,string,81,"Can't duplicate primary & 3D surfaces, or surfaces that are implicitly created.\0"
0x408984,string,38,"Windows can not create any more DCs.\0"
0x4089ac,string,62,"This surface can not be detached from the requested surface.\0"
0x4089ec,string,60,"This surface can not be attached to the requested surface.\0"
0x408a28,string,90,"Return if a clipper object is attached to the source surface passed into a BltFast call.\0"
0x408a84,string,37,"This object is already initialized.\0"
0x408aac,string,11,"No error.\0"
